rideId,arrival,etaRating,stressRating,language,submittedAt
synthetic-traffic-00-00,On time,4,2,en,1767570873000
synthetic-traffic-00-01,On time,4,2,en,1767570141000
synthetic-traffic-01-00,On time,4,2,en,1768175673000
synthetic-traffic-01-01,On time,4,2,en,1768174941000
synthetic-traffic-02-00,On time,4,2,en,1768780473000
synthetic-traffic-02-01,On time,4,2,en,1768779741000
synthetic-traffic-03-00,On time,4,2,en,1769385273000
synthetic-traffic-03-01,On time,4,2,en,1769384541000
synthetic-traffic-04-00,On time,4,2,en,1769990073000
synthetic-traffic-04-01,On time,4,2,en,1769989341000
synthetic-traffic-05-00,On time,4,2,en,1770594873000
synthetic-traffic-05-01,On time,4,2,en,1770594141000
synthetic-traffic-06-00,On time,4,2,en,1771210295000
synthetic-traffic-06-01,On time,4,2,en,1771210295000
synthetic-traffic-06-02,On time,4,2,en,1771210295000
synthetic-traffic-06-03,On time,4,2,en,1771210295000
synthetic-traffic-06-04,On time,4,2,en,1771210295000
synthetic-traffic-07-00,On time,4,2,en,1771815095000
synthetic-traffic-07-01,On time,4,2,en,1771815095000
synthetic-traffic-07-02,On time,4,2,en,1771815095000
synthetic-traffic-07-03,On time,4,2,en,1771815095000
synthetic-traffic-07-04,On time,4,2,en,1771815095000
synthetic-traffic-08-00,On time,4,2,en,1772419895000
synthetic-traffic-08-01,On time,4,2,en,1772419895000
synthetic-traffic-08-02,On time,4,2,en,1772419895000
synthetic-traffic-08-03,On time,4,2,en,1772419895000
synthetic-traffic-08-04,On time,4,2,en,1772419895000
synthetic-traffic-09-00,On time,4,2,en,1773024695000
synthetic-traffic-09-01,On time,4,2,en,1773024695000
synthetic-traffic-09-02,On time,4,2,en,1773024695000
synthetic-traffic-09-03,On time,4,2,en,1773024695000
synthetic-traffic-09-04,On time,4,2,en,1773024695000
synthetic-traffic-10-00,On time,4,2,en,1773629495000
synthetic-traffic-10-01,On time,4,2,en,1773629495000
synthetic-traffic-10-02,On time,4,2,en,1773629495000
synthetic-traffic-10-03,On time,4,2,en,1773629495000
synthetic-traffic-10-04,On time,4,2,en,1773629495000
synthetic-traffic-11-00,On time,4,2,en,1774234295000
synthetic-traffic-11-01,On time,4,2,en,1774234295000
synthetic-traffic-11-02,On time,4,2,en,1774234295000
synthetic-traffic-11-03,On time,4,2,en,1774234295000
synthetic-traffic-11-04,On time,4,2,en,1774234295000
synthetic-00-00,On time,4,2,en,1767571369000
synthetic-00-01,On time,4,2,en,1768176095000
synthetic-00-02,On time,4,2,en,1768780961000
synthetic-00-03,On time,4,2,en,1769385695000
synthetic-00-04,On time,4,2,en,1769990566000
synthetic-00-05,On time,4,2,en,1770595295000
synthetic-00-06,On time,4,2,en,1771210895000
synthetic-00-07,On time,4,2,en,1771815695000
synthetic-00-08,On time,4,2,en,1772420495000
synthetic-00-09,On time,4,2,en,1773025295000
synthetic-00-10,On time,4,2,en,1773630095000
synthetic-00-11,On time,4,2,en,1774234895000
synthetic-01-00,On time,4,2,en,1767571298000
synthetic-01-01,On time,4,2,en,1768176176000
synthetic-01-02,On time,4,2,en,1768780898000
synthetic-01-03,On time,4,2,en,1769385767000
synthetic-01-04,On time,4,2,en,1769990498000
synthetic-01-05,On time,4,2,en,1770595367000
synthetic-01-06,On time,4,2,en,1771210898000
synthetic-01-07,On time,4,2,en,1771815698000
synthetic-01-08,On time,4,2,en,1772420498000
synthetic-01-09,On time,4,2,en,1773025298000
synthetic-01-10,On time,4,2,en,1773630098000
synthetic-01-11,On time,4,2,en,1774234898000
synthetic-02-00,On time,4,2,en,1767571375000
synthetic-02-01,On time,4,2,en,1768176101000
synthetic-02-02,On time,4,2,en,1768780970000
synthetic-02-03,On time,4,2,en,1769385701000
synthetic-02-04,On time,4,2,en,1769990575000
synthetic-02-05,On time,4,2,en,1770595301000
synthetic-02-06,On time,4,2,en,1771210901000
synthetic-02-07,On time,4,2,en,1771815701000
synthetic-02-08,On time,4,2,en,1772420501000
synthetic-02-09,On time,4,2,en,1773025301000
synthetic-02-10,On time,4,2,en,1773630101000
synthetic-02-11,On time,4,2,en,1774234901000
synthetic-03-00,On time,4,2,en,1767571304000
synthetic-03-01,On time,4,2,en,1768176182000
synthetic-03-02,On time,4,2,en,1768780904000
synthetic-03-03,On time,4,2,en,1769385778000
synthetic-03-04,On time,4,2,en,1769990504000
synthetic-03-05,On time,4,2,en,1770595385000
synthetic-03-06,On time,4,2,en,1771210904000
synthetic-03-07,On time,4,2,en,1771815704000
synthetic-03-08,On time,4,2,en,1772420504000
synthetic-03-09,On time,4,2,en,1773025304000
synthetic-03-10,On time,4,2,en,1773630104000
synthetic-03-11,On time,4,2,en,1774234904000
synthetic-04-00,On time,4,2,en,1767571388000
synthetic-04-01,On time,4,2,en,1768176107000
synthetic-04-02,On time,4,2,en,1768780985000
synthetic-04-03,On time,4,2,en,1769385707000
synthetic-04-04,On time,4,2,en,1769990591000
synthetic-04-05,On time,4,2,en,1770595307000
synthetic-04-06,On time,4,2,en,1771210907000
synthetic-04-07,On time,4,2,en,1771815707000
synthetic-04-08,On time,4,2,en,1772420507000
synthetic-04-09,On time,4,2,en,1773025307000
synthetic-04-10,On time,4,2,en,1773630107000
synthetic-04-11,On time,4,2,en,1774234907000
synthetic-05-00,On time,4,2,en,1767571310000
synthetic-05-01,On time,4,2,en,1768176179000
synthetic-05-02,On time,4,2,en,1768780910000
synthetic-05-03,On time,4,2,en,1769385794000
synthetic-05-04,On time,4,2,en,1769990510000
synthetic-05-05,On time,4,2,en,1770595379000
synthetic-05-06,On time,4,2,en,1771210910000
synthetic-05-07,On time,4,2,en,1771815710000
synthetic-05-08,On time,4,2,en,1772420510000
synthetic-05-09,On time,4,2,en,1773025310000
synthetic-05-10,On time,4,2,en,1773630110000
synthetic-05-11,On time,4,2,en,1774234910000
synthetic-06-00,On time,4,2,en,1767571401000
synthetic-06-01,On time,4,2,en,1768176113000
synthetic-06-02,On time,4,2,en,1768780991000
synthetic-06-03,On time,4,2,en,1769385713000
synthetic-06-04,On time,4,2,en,1769990579000
synthetic-06-05,On time,4,2,en,1770595313000
synthetic-06-06,On time,4,2,en,1771210913000
synthetic-06-07,On time,4,2,en,1771815713000
synthetic-06-08,On time,4,2,en,1772420513000
synthetic-06-09,On time,4,2,en,1773025313000
synthetic-06-10,On time,4,2,en,1773630113000
synthetic-06-11,On time,4,2,en,1774234913000
synthetic-07-00,On time,4,2,en,1767571316000
synthetic-07-01,On time,4,2,en,1768176182000
synthetic-07-02,On time,4,2,en,1768780916000
synthetic-07-03,On time,4,2,en,1769385804000
synthetic-07-04,On time,4,2,en,1769990516000
synthetic-07-05,On time,4,2,en,1770595385000
synthetic-07-06,On time,4,2,en,1771210916000
synthetic-07-07,On time,4,2,en,1771815716000
synthetic-07-08,On time,4,2,en,1772420516000
synthetic-07-09,On time,4,2,en,1773025316000
synthetic-07-10,On time,4,2,en,1773630116000
synthetic-07-11,On time,4,2,en,1774234916000
