deviationId,routeId,rideId,userId,isFaster,dateTime,gpsLocation,originalRouteEdge,deviatedEdge,streetName,generatedInstruction,deviationInstruction,points,timestamp,createdAt
dev-1WE9P6BngtZWrgbnF34h-0,route-1784975704395-9426,1WE9P6BngtZWrgbnF34h,gswcMvJq5oQXvfhju8NjsZW5hnn1,True,2026-07-25T10:35:04.154Z,"14.5585893,120.9877654",Turn right onto F. B. Harrison Street. in 250 m,Drive south on Roxas Boulevard Service Road.,F. B. Harrison Street,Turn right onto F. B. Harrison Street. in 250 m,Drive south on Roxas Boulevard Service Road.,"[{'longitude': 120.9877654, 'latitude': 14.5585893}]",1784975704154,1784976150457
dev-1WE9P6BngtZWrgbnF34h-1,route-1784975818358-1231,1WE9P6BngtZWrgbnF34h,gswcMvJq5oQXvfhju8NjsZW5hnn1,False,2026-07-25T10:36:58.147Z,"14.5548852,120.9908278",Turn left onto San Juan Street. in 210 m,Drive east on Dapitan Street.,San Juan Street,Turn left onto San Juan Street. in 210 m,Drive east on Dapitan Street.,"[{'longitude': 120.9908278, 'latitude': 14.5548852}]",1784975818147,1784976150459
dev-3fbSxwzOxepchACHthvs-0,route-1784871797468-2277,3fbSxwzOxepchACHthvs,xiRcxSCHz7VUdQuEiJyl5SSllLm1,False,2026-07-24T05:43:17.250Z,"14.5616064,120.9942366",Drive northeast on Pablo Ocampo Street. in 110 m,Drive southwest on Pablo Ocampo Street.,Pablo Ocampo Street,Drive northeast on Pablo Ocampo Street. in 110 m,Drive southwest on Pablo Ocampo Street.,"[{'longitude': 120.9942366, 'latitude': 14.5616064}]",1784871797250,1784871979430
dev-4IAl52dAeEI0aHeP6CUs-0,route-1785152427303-3313,4IAl52dAeEI0aHeP6CUs,kLjlilA8jGZKlHi1MA9mhKNWcgx2,False,2026-07-27T11:40:26.928Z,"14.5615937,120.995487",Turn right onto Pablo Ocampo Street. in 120 m,Drive north on Taft Avenue/170.,Pablo Ocampo Street,Turn right onto Pablo Ocampo Street. in 120 m,Drive north on Taft Avenue/170.,"[{'longitude': 120.995487, 'latitude': 14.5615937}]",1785152426928,1785152848191
dev-4IAl52dAeEI0aHeP6CUs-1,route-1785152473404-2012,4IAl52dAeEI0aHeP6CUs,kLjlilA8jGZKlHi1MA9mhKNWcgx2,True,2026-07-27T11:41:12.973Z,"14.5598679,120.9939155",Drive north on Taft Avenue/170. in 250 m,Drive west on Menlo Street.,Taft Avenue/170,Drive north on Taft Avenue/170. in 250 m,Drive west on Menlo Street.,"[{'longitude': 120.9939155, 'latitude': 14.5598679}]",1785152472973,1785152848192
dev-6wha8XEmrhYk7bMuxxcm-0,route-1784904911943-6336,6wha8XEmrhYk7bMuxxcm,HdsFcamKQLePONrx2hp0aqz6UEr2,False,2026-07-24T14:55:09.255Z,"14.5414007,120.9807221","Make a left U-turn to stay on Seaside Boulevard, if permitted. in 110 m",Drive west on Seaside Boulevard.,"Seaside Boulevard, if permitted","Make a left U-turn to stay on Seaside Boulevard, if permitted. in 110 m",Drive west on Seaside Boulevard.,"[{'longitude': 120.9807221, 'latitude': 14.5414007}]",1784904909255,1784905413098
dev-C0oYDSgOs81FSV4IU7kf-0,route-1785208500646-4637,C0oYDSgOs81FSV4IU7kf,YDHQIfHKloOxBIT65M4DbB6LTX12,True,2026-07-28T03:15:00.343Z,"14.5636129,120.9993795",Turn right onto Arellano Avenue. in 130 m,Drive northeast on A. Roxas Street.,Arellano Avenue,Turn right onto Arellano Avenue. in 130 m,Drive northeast on A. Roxas Street.,"[{'longitude': 120.9993795, 'latitude': 14.5636129}]",1785208500343,1785208789846
dev-EnIyBdLJqSlgyALD2oSX-0,route-1784905803758-244,EnIyBdLJqSlgyALD2oSX,HdsFcamKQLePONrx2hp0aqz6UEr2,False,2026-07-24T15:10:03.262Z,"14.5176898,120.981779",Drive northwest on Seaside Drive. in 110 m,Drive northeast on J. W. Diokno Boulevard.,Seaside Drive,Drive northwest on Seaside Drive. in 110 m,Drive northeast on J. W. Diokno Boulevard.,"[{'longitude': 120.981779, 'latitude': 14.5176898}]",1784905803262,1784906632136
dev-EnIyBdLJqSlgyALD2oSX-1,route-1784905928272-5803,EnIyBdLJqSlgyALD2oSX,HdsFcamKQLePONrx2hp0aqz6UEr2,False,2026-07-24T15:12:07.261Z,"14.5256004,120.9853343",Turn right onto ASEAN Avenue. in 120 m,Drive north on J. W. Diokno Boulevard.,ASEAN Avenue,Turn right onto ASEAN Avenue. in 120 m,Drive north on J. W. Diokno Boulevard.,"[{'longitude': 120.9853343, 'latitude': 14.5256004}]",1784905927261,1784906632137
dev-EnIyBdLJqSlgyALD2oSX-2,route-1784905982724-122,EnIyBdLJqSlgyALD2oSX,HdsFcamKQLePONrx2hp0aqz6UEr2,False,2026-07-24T15:13:02.248Z,"14.5297461,120.9849204",Turn right onto Bradco Avenue. in 120 m,Drive north on J. W. Diokno Boulevard.,Bradco Avenue,Turn right onto Bradco Avenue. in 120 m,Drive north on J. W. Diokno Boulevard.,"[{'longitude': 120.9849204, 'latitude': 14.5297461}]",1784905982248,1784906632137
dev-EnIyBdLJqSlgyALD2oSX-3,route-1784906072655-3242,EnIyBdLJqSlgyALD2oSX,HdsFcamKQLePONrx2hp0aqz6UEr2,False,2026-07-24T15:14:32.272Z,"14.5360657,120.9843489",Enter Globe Rotonda and take the 1st exit onto EDSA Extension. in 150 m,Drive north on J. W. Diokno Boulevard.,EDSA Extension,Enter Globe Rotonda and take the 1st exit onto EDSA Extension. in 150 m,Drive north on J. W. Diokno Boulevard.,"[{'longitude': 120.9843489, 'latitude': 14.5360657}]",1784906072272,1784906632137
dev-EnIyBdLJqSlgyALD2oSX-4,route-1784906314523-5804,EnIyBdLJqSlgyALD2oSX,HdsFcamKQLePONrx2hp0aqz6UEr2,False,2026-07-24T15:18:34.243Z,"14.5515421,120.9830574",Turn right onto Senator Gil Puyat Avenue Extension. in 110 m,Drive west on Atang de la Rama Street.,Senator Gil Puyat Avenue Extension,Turn right onto Senator Gil Puyat Avenue Extension. in 110 m,Drive west on Atang de la Rama Street.,"[{'longitude': 120.9830574, 'latitude': 14.5515421}]",1784906314243,1784906632138
dev-EnIyBdLJqSlgyALD2oSX-5,route-1784906390520-1831,EnIyBdLJqSlgyALD2oSX,HdsFcamKQLePONrx2hp0aqz6UEr2,False,2026-07-24T15:19:50.251Z,"14.5558549,120.9807168",Turn right onto Vicente Sotto Street. in 140 m,Drive northwest on Fernando Maria Guerrero Street.,Vicente Sotto Street,Turn right onto Vicente Sotto Street. in 140 m,Drive northwest on Fernando Maria Guerrero Street.,"[{'longitude': 120.9807168, 'latitude': 14.5558549}]",1784906390251,1784906632138
dev-HPlut9DmFm7I4qbQr8b2-0,route-1784907957536-9990,HPlut9DmFm7I4qbQr8b2,HdsFcamKQLePONrx2hp0aqz6UEr2,False,2026-07-24T15:44:41.417Z,"14.562238,120.9988634",Turn left onto A. Roxas Street. in 110 m,Drive southeast on Arellano Avenue.,A. Roxas Street,Turn left onto A. Roxas Street. in 110 m,Drive southeast on Arellano Avenue.,"[{'longitude': 120.9988634, 'latitude': 14.562238}]",1784907881417,1784908001300
dev-I3JbnIwepaslgyQrf5pE-0,route-1785146633856-788,I3JbnIwepaslgyQrf5pE,kLjlilA8jGZKlHi1MA9mhKNWcgx2,False,2026-07-27T10:03:49.975Z,"14.5670019,120.9940659",Turn right onto Leon Guinto Street. in 110 m,Drive southeast on Leon Guinto Street.,Leon Guinto Street,Turn right onto Leon Guinto Street. in 110 m,Drive southeast on Leon Guinto Street.,"[{'longitude': 120.9940659, 'latitude': 14.5670019}]",1785146629975,1785147276994
dev-I3JbnIwepaslgyQrf5pE-1,route-1785146678092-6871,I3JbnIwepaslgyQrf5pE,kLjlilA8jGZKlHi1MA9mhKNWcgx2,False,2026-07-27T10:04:35.964Z,"14.5698327,120.9927404",Drive southeast on Leon Guinto Street. in 350 m,Drive southeast on Leon Guinto Street.,Leon Guinto Street,Drive southeast on Leon Guinto Street. in 350 m,Drive southeast on Leon Guinto Street.,"[{'longitude': 120.9927404, 'latitude': 14.5698327}]",1785146675964,1785147276996
dev-I3JbnIwepaslgyQrf5pE-2,route-1785146722359-7016,I3JbnIwepaslgyQrf5pE,kLjlilA8jGZKlHi1MA9mhKNWcgx2,False,2026-07-27T10:05:21.990Z,"14.5710788,120.9940111",Turn right onto Singalong Street. in 150 m,Drive east on San Andres Street.,Singalong Street,Turn right onto Singalong Street. in 150 m,Drive east on San Andres Street.,"[{'longitude': 120.9940111, 'latitude': 14.5710788}]",1785146721990,1785147276997
dev-Q8qOuhio9ifm5Rx1mEqG-0,route-1784908130464-8950,Q8qOuhio9ifm5Rx1mEqG,HdsFcamKQLePONrx2hp0aqz6UEr2,False,2026-07-24T15:48:50.276Z,"14.5659992,120.9999232",Turn left onto Pablo Ocampo Street. in 110 m,Drive northwest on Dian Street.,Pablo Ocampo Street,Turn left onto Pablo Ocampo Street. in 110 m,Drive northwest on Dian Street.,"[{'longitude': 120.9999232, 'latitude': 14.5659992}]",1784908130276,1784908354260
dev-SwCi6aOsakLnw3uuiS1e-0,route-1785086238114-876,SwCi6aOsakLnw3uuiS1e,u2DbbZRrvYcQFXRcfa6JoxRZgxz2,True,2026-07-26T17:17:17.901Z,"14.5657097,120.9947819",Turn right onto Taft Avenue/170. in 150 m,Drive northwest on Leon Guinto Street.,Taft Avenue/170,Turn right onto Taft Avenue/170. in 150 m,Drive northwest on Leon Guinto Street.,"[{'longitude': 120.9947819, 'latitude': 14.5657097}]",1785086237901,1785086487647
dev-aOy5nRqwR4sQA5XKsSQj-0,route-1785208914560-1175,aOy5nRqwR4sQA5XKsSQj,YDHQIfHKloOxBIT65M4DbB6LTX12,True,2026-07-28T03:21:54.330Z,"14.5634817,121.0031043",Drive northeast on Fahrenheit Street. in 120 m,Drive northwest on Filmore Street.,Fahrenheit Street,Drive northeast on Fahrenheit Street. in 120 m,Drive northwest on Filmore Street.,"[{'longitude': 121.0031043, 'latitude': 14.5634817}]",1785208914330,1785209203175
dev-aOy5nRqwR4sQA5XKsSQj-1,route-1785209004830-9706,aOy5nRqwR4sQA5XKsSQj,YDHQIfHKloOxBIT65M4DbB6LTX12,False,2026-07-28T03:23:20.334Z,"14.5666825,121.0015202",Turn left onto Pablo Ocampo Street. in 100 m,Drive southwest on Don Pedro Street.,Pablo Ocampo Street,Turn left onto Pablo Ocampo Street. in 100 m,Drive southwest on Don Pedro Street.,"[{'longitude': 121.0015202, 'latitude': 14.5666825}]",1785209000334,1785209203176
dev-b72kbSj4zms7yk6xGF5G-0,route-1784965262408-876,b72kbSj4zms7yk6xGF5G,gswcMvJq5oQXvfhju8NjsZW5hnn1,True,2026-07-25T07:41:02.226Z,"14.5554826,120.9957329",Drive south on Taft Avenue/170. in 200 m,Drive west on San Juan Street.,Taft Avenue/170,Drive south on Taft Avenue/170. in 200 m,Drive west on San Juan Street.,"[{'longitude': 120.9957329, 'latitude': 14.5554826}]",1784965262226,1784965702401
dev-bSxpMrYtTZbKj06HwuQr-0,route-1785487177719-1198,bSxpMrYtTZbKj06HwuQr,w5xx1klRJrbyaWqIarftkBZsDJI2,False,2026-07-31T08:39:37.423Z,"14.5648795,120.9998204",Turn left onto Dian Street. in 180 m,Drive southwest on Pablo Ocampo Street.,Dian Street,Turn left onto Dian Street. in 180 m,Drive southwest on Pablo Ocampo Street.,"[{'longitude': 120.9998204, 'latitude': 14.5648795}]",1785487177423,1785487461233
dev-bSxpMrYtTZbKj06HwuQr-1,route-1785487224106-3161,bSxpMrYtTZbKj06HwuQr,w5xx1klRJrbyaWqIarftkBZsDJI2,False,2026-07-31T08:40:23.415Z,"14.5641731,120.9983965",Turn right onto Conchu Street. in 160 m,Drive southwest on Pablo Ocampo Street.,Conchu Street,Turn right onto Conchu Street. in 160 m,Drive southwest on Pablo Ocampo Street.,"[{'longitude': 120.9983965, 'latitude': 14.5641731}]",1785487223415,1785487461234
dev-ctuvwPHtY2EPSiJOstwg-0,route-1785082196229-3253,ctuvwPHtY2EPSiJOstwg,u2DbbZRrvYcQFXRcfa6JoxRZgxz2,True,2026-07-26T16:09:56.007Z,"14.5648735,120.9988685",Turn right onto Arellano Avenue. in 110 m,Drive northwest on Bautista Street.,Arellano Avenue,Turn right onto Arellano Avenue. in 110 m,Drive northwest on Bautista Street.,"[{'longitude': 120.9988685, 'latitude': 14.5648735}]",1785082196007,1785082381366
dev-fsyywUuXJq0Pkixim4IZ-0,route-1784876519846-3867,fsyywUuXJq0Pkixim4IZ,xiRcxSCHz7VUdQuEiJyl5SSllLm1,False,2026-07-24T07:01:59.241Z,"14.5622626,120.9988378",Turn left onto A. Roxas Street. in 110 m,Drive southeast on Arellano Avenue.,A. Roxas Street,Turn left onto A. Roxas Street. in 110 m,Drive southeast on Arellano Avenue.,"[{'longitude': 120.9988378, 'latitude': 14.5622626}]",1784876519241,1784876733915
dev-jiQWmvaS14llN37DCUox-0,route-1785149725482-9058,jiQWmvaS14llN37DCUox,kLjlilA8jGZKlHi1MA9mhKNWcgx2,False,2026-07-27T10:55:24.919Z,"14.5652718,120.9940683",Drive southwest on A. Estrada Street. in 100 m,Drive north on Taft Avenue/170.,A. Estrada Street,Drive southwest on A. Estrada Street. in 100 m,Drive north on Taft Avenue/170.,"[{'longitude': 120.9940683, 'latitude': 14.5652718}]",1785149724919,1785150515853
dev-jmMRQmtIgBrUHyJYMGlP-0,route-1785080791225-9974,jmMRQmtIgBrUHyJYMGlP,u2DbbZRrvYcQFXRcfa6JoxRZgxz2,False,2026-07-26T15:46:30.953Z,"14.5651564,120.9991848",Turn left onto Arellano Avenue. in 160 m,Drive southwest on Consuelo Street.,Arellano Avenue,Turn left onto Arellano Avenue. in 160 m,Drive southwest on Consuelo Street.,"[{'longitude': 120.9991848, 'latitude': 14.5651564}]",1785080790953,1785081101309
dev-jmMRQmtIgBrUHyJYMGlP-1,route-1785080837132-9047,jmMRQmtIgBrUHyJYMGlP,u2DbbZRrvYcQFXRcfa6JoxRZgxz2,False,2026-07-26T15:47:16.951Z,"14.5665314,121.0004256",Drive southwest on Consuelo Street. in 200 m,Drive northwest on Espiritu Street.,Consuelo Street,Drive southwest on Consuelo Street. in 200 m,Drive northwest on Espiritu Street.,"[{'longitude': 121.0004256, 'latitude': 14.5665314}]",1785080836951,1785081101310
dev-ulzOmkAiXPHGx4JA1Ilv-0,route-1785138483204-752,ulzOmkAiXPHGx4JA1Ilv,kLjlilA8jGZKlHi1MA9mhKNWcgx2,False,2026-07-27T07:48:03.022Z,"14.5651217,120.9939894",Drive southeast on Taft Avenue/170. in 120 m,Drive southeast on Taft Avenue/170.,Taft Avenue/170,Drive southeast on Taft Avenue/170. in 120 m,Drive southeast on Taft Avenue/170.,"[{'longitude': 120.9939894, 'latitude': 14.5651217}]",1785138483022,1785139216354
dev-ulzOmkAiXPHGx4JA1Ilv-1,route-1785138536908-9140,ulzOmkAiXPHGx4JA1Ilv,kLjlilA8jGZKlHi1MA9mhKNWcgx2,True,2026-07-27T07:48:49.035Z,"14.5672578,120.9940517",Drive southeast on Taft Avenue/170. in 240 m,Drive west on Congressman A. Francisco Street.,Taft Avenue/170,Drive southeast on Taft Avenue/170. in 240 m,Drive west on Congressman A. Francisco Street.,"[{'longitude': 120.9940517, 'latitude': 14.5672578}]",1785138529035,1785139216358
dev-wbYD9pTHrVY7hWNfTddd-0,route-1784907364619-5992,wbYD9pTHrVY7hWNfTddd,HdsFcamKQLePONrx2hp0aqz6UEr2,False,2026-07-24T15:36:04.261Z,"14.5610168,120.9891292",Your destination is on the right. in 580 m,Drive southwest.,the right,Your destination is on the right. in 580 m,Drive southwest.,"[{'longitude': 120.9891292, 'latitude': 14.5610168}]",1784907364261,1784907681278
dev-wbYD9pTHrVY7hWNfTddd-1,route-1784907410411-931,wbYD9pTHrVY7hWNfTddd,HdsFcamKQLePONrx2hp0aqz6UEr2,False,2026-07-24T15:36:50.266Z,"14.5621051,120.9913182",Drive southwest. in 260 m,Drive northeast.,,Drive southwest. in 260 m,Drive northeast.,"[{'longitude': 120.9913182, 'latitude': 14.5621051}]",1784907410266,1784907681278
dev-zGasBnkSGcOdCYb8NHaB-0,route-1784963374833-9681,zGasBnkSGcOdCYb8NHaB,gswcMvJq5oQXvfhju8NjsZW5hnn1,True,2026-07-25T07:07:50.257Z,"14.5629464,120.998499",Turn left onto Arellano Avenue. in 130 m,Drive south on Arellano Avenue.,Arellano Avenue,Turn left onto Arellano Avenue. in 130 m,Drive south on Arellano Avenue.,"[{'longitude': 120.998499, 'latitude': 14.5629464}]",1784963270257,1784963544954
