id,userId,rideName,startTime,endTime,duration,distance,suggestedRouteDistanceM,suggestedRouteDurationSec,averageSpeed,maxSpeed,elevationGain,deviationCount,createdAt
1MHYmq699Zc3qJCt1nVr,u2DbbZRrvYcQFXRcfa6JoxRZgxz2,Manila → Manila,1785083215384,1785083369230,153,1017.2035221930416,1002.935,240,6.6249635093756165,11.265791154312751,0.0,0,1785083369236
1WE9P6BngtZWrgbnF34h,gswcMvJq5oQXvfhju8NjsZW5hnn1,Manila → Manila,1784975574512,1784976039916,464,1793.1120970330728,2101.312,660,4.203450451457221,7.513324561196722,233.22999923706053,2,1784976039921
21cyD42FbKfUXVltKqWX,YDHQIfHKloOxBIT65M4DbB6LTX12,Manila → Manila,1785073490160,1785073860173,369,0.0,97.479,60,0.0,1.3999555110931396,2.399993896484375,0,1785073860174
2CtD7ukYj66kR0shiiDY,UJoHNbTZU8fgwq14XJYbcS3owyI2,Manila → Manila,1785072025481,1785072324184,297,690.472991820203,1002.414,300,2.3325608223238787,4.069631127059867,23.199995422363266,0,1785072324194
2ViE0y3b4glK9BtcZtlq,YDHQIfHKloOxBIT65M4DbB6LTX12,Manila → Manila,1785072232097,1785073039723,806,3981.456134081903,3967.337,1320,5.016917883788559,11.414152529234324,22.1464205156734,0,1785073039723
3JLVbzdWcL1bOtqewCB4,xiRcxSCHz7VUdQuEiJyl5SSllLm1,Manila → Manila,1784872680376,1784873048469,367,1705.141498499823,2348.304,540,4.6481125554042375,8.058993237130654,6.051628167795812,0,1784873048470
3fbSxwzOxepchACHthvs,xiRcxSCHz7VUdQuEiJyl5SSllLm1,Manila → Manila,1784871766544,1784871899643,132,447.1034310012213,386.131,120,3.5295595860336086,5.37108309261186,1.971040363691543,1,1784871899643
4IAl52dAeEI0aHeP6CUs,kLjlilA8jGZKlHi1MA9mhKNWcgx2,Manila → Manila,1785152401560,1785152795312,392,1486.7896017538446,1520.677,480,3.8195577773908873,9.209889986797512,101.25699923706055,2,1785152795320
4S6zKD9cMZeiTmfqmbdj,4FIoqGNmrsa41riP4M8rmXM4rTC3,Pasay → Pasay,1784975326782,1784975916452,589,1960.7374210703945,3605.591,1200,3.330899669023572,14.023743234202854,20.92399847412109,0,1784975916452
4e2zyVgMh5Jd1YfcwlrK,wxBDOTjSqwht1paICGQnO7QdkBr2,Muntinlupa → Muntinlupa,1785075497277,1785075960325,462,3648.633831690749,3703.819,900,8.070002702120329,14.732971003272906,101.0,0,1785075960328
5mWNb17qt9d95ot1oHVZ,wxBDOTjSqwht1paICGQnO7QdkBr2,Muntinlupa → Paranaque,1785076720800,1785079771619,3050,4043.124673941989,4095.96,960,1.327116682206218,17.503618449717216,19.49999618530273,0,1785079771621
6wha8XEmrhYk7bMuxxcm,HdsFcamKQLePONrx2hp0aqz6UEr2,Pasay → Manila,1784904884844,1784905365102,479,3419.203083840938,3001.134,720,7.147552090709231,8.934224044146237,33.34240348765746,1,1784905365102
7WuiKHeRHFDSsiJj4xQS,4FIoqGNmrsa41riP4M8rmXM4rTC3,Manila → Manila,1785066425726,1785066619337,193,111.09837983999849,6645.785,2160,0.5758361918583478,11.59784472265501,0.7999916076660156,0,1785066619338
7fwEWRr0jZmgyS4HMVBd,4FIoqGNmrsa41riP4M8rmXM4rTC3,Manila → Manila,1784972997830,1784973551062,552,4210.083081973896,2979.937,960,7.647105022966102,15.68502967894358,123.70500762939454,0,1784973551065
80XRAbrYqgT3HEC0Fxjd,4FIoqGNmrsa41riP4M8rmXM4rTC3,Pasay → Makati,1784975972722,1784976513375,540,2364.9317843526305,2963.2,960,4.389933461079993,15.094808222847456,133.139,0,1784976513376
8katGW3zX0OJQWgCU1Xg,u2DbbZRrvYcQFXRcfa6JoxRZgxz2,Manila → Makati,1785125175254,1785125675753,500,2290.614289269068,2416.799,600,4.628812773853348,10.131691007631854,102.20200152587891,0,1785125675759
AIZmgIucN0ef39BDcptn,wxBDOTjSqwht1paICGQnO7QdkBr2,Metro Manila → Davao Street,1785070939593,1785073706205,2765,17336.631127488177,18589.975,6060,6.281850124298336,18.529429746430928,124.10000228881836,0,1785073706207
BcuBjrxFjoa1NpE1Z4dv,gswcMvJq5oQXvfhju8NjsZW5hnn1,Manila → Manila,1784974631858,1784974996162,363,1466.8877801532592,1343.272,420,4.059274311581465,11.32120312864188,74.62699999999995,0,1784974996165
C0oYDSgOs81FSV4IU7kf,YDHQIfHKloOxBIT65M4DbB6LTX12,Manila → Manila,1785208349080,1785208658002,308,1246.882403574057,1490.985,480,4.058267518020006,7.9432485937118,24.989076084447365,1,1785208658003
DHn5YVp8ffLdybGrPaIu,E5lzGRPONLhEotBTXKXViVbK8o13,Manila → Manila,1784956174650,1784956456351,281,796.3681578836447,1278.298,360,2.848302030385648,9.859408772761965,43.94299923706055,0,1784956456373
DkuHeOfO9ItKVVxR9lib,mDoAxdRhcWPTCvHtMFIHe0gfTs83,Manila → Manila,1790381276625,1790381463621,186,964.7623826303304,1006.642,300,5.330031671115883,8.35342781781956,27.1609001159668,0,1790381463622
EnIyBdLJqSlgyALD2oSX,HdsFcamKQLePONrx2hp0aqz6UEr2,Pasay → Manila,1784905778021,1784906480433,702,5157.549725174668,8358.774,1980,7.451276023483636,10.086037213813384,25.070813041799816,6,1784906480433
F4nyzbVQQ8TNQ0xn4cu5,E5lzGRPONLhEotBTXKXViVbK8o13,Manila → Manila,1784946867182,1784947171003,302,957.9181325212828,1673.826,540,3.468543748017666,7.349223970376536,26.163999237060544,0,1784947171008
HPlut9DmFm7I4qbQr8b2,HdsFcamKQLePONrx2hp0aqz6UEr2,Manila → Manila,1784907764339,1784907968210,202,965.7186043865958,1056.343,240,5.16753140691236,7.783563250592997,0.0999984741210937,1,1784907968210
I3JbnIwepaslgyQrf5pE,kLjlilA8jGZKlHi1MA9mhKNWcgx2,Manila → Manila,1785146554451,1785146989978,435,1933.279615888617,1280.839,420,4.564875649069252,13.95045017531404,61.25700076293944,3,1785146989990
INI7QviMV449G9zOeoq3,YDHQIfHKloOxBIT65M4DbB6LTX12,Manila → Manila,1785070989682,1785071916672,926,3834.083247808409,4005.783,1320,4.149418290819216,11.779672836734406,18.854320000890446,0,1785071916672
LqFv2iLqyiab44y6V6Qd,E5lzGRPONLhEotBTXKXViVbK8o13,Manila → Manila,1784954036337,1784954213802,176,716.6447612511598,761.173,180,4.193185540973511,9.19243966171411,8.751999999999995,0,1784954213810
P13AY12PfE7ky2UBFaVM,E5lzGRPONLhEotBTXKXViVbK8o13,Manila → Manila,1784956546680,1784956865184,317,1036.3399715268642,1041.842,300,3.263189292714909,9.78622181495064,133.37500000000003,0,1784956865191
PkUcjEkzhNhz024BOBeH,UJoHNbTZU8fgwq14XJYbcS3owyI2,Manila → Manila,1785073431426,1785073552379,119,248.6246910453214,855.711,300,2.154422722702565,3.5853795591294766,0.5,0,1785073552380
PoKpYDabmoiYgDuOdS63,UJoHNbTZU8fgwq14XJYbcS3owyI2,Manila → Manila,1785072878209,1785073129454,249,513.8462435999328,668.275,240,2.086236235855563,4.797151444007131,13.699999237060524,0,1785073129459
Q8qOuhio9ifm5Rx1mEqG,HdsFcamKQLePONrx2hp0aqz6UEr2,Manila → Manila,1784908061363,1784908324766,262,1083.540787667756,1273.455,300,4.120992453059178,7.060417760903736,1.4000015258789062,1,1784908324767
RJ2D1B4VIWZazrlbEDd8,w5xx1klRJrbyaWqIarftkBZsDJI2,Manila → Manila,1785486547463,1785486844813,296,689.3378354027523,936.221,300,2.361320168269519,5.404833535703498,1.522880362341546,0,1785486844817
SwCi6aOsakLnw3uuiS1e,u2DbbZRrvYcQFXRcfa6JoxRZgxz2,Manila → Manila,1785086121586,1785086385948,263,1271.5631710671446,1350.785,300,4.846875211331346,7.914452456266238,10.0,1,1785086385963
TZ2PUjvNBOIwQhL080Pp,UJoHNbTZU8fgwq14XJYbcS3owyI2,Manila → Manila,1785073206982,1785073385980,177,454.25846259156265,1340.965,420,2.617359599158557,3.953050789547068,15.900002288818357,0,1785073385981
VPlfkGA7TlKYs3GD0Aox,4FIoqGNmrsa41riP4M8rmXM4rTC3,Pasay → Pasay,1784973652906,1784975211942,1558,7117.493016145232,1262.178,420,4.56689848170623,29.16526481481598,167.09000228881834,0,1784975211942
aOy5nRqwR4sQA5XKsSQj,YDHQIfHKloOxBIT65M4DbB6LTX12,Manila → Manila,1785208887550,1785209162223,274,1186.1610449017105,1467.808,360,4.3969182932995405,7.283656019527893,1.6999969482421875,2,1785209162224
aTj3bXMTL3inZhIgq22m,gswcMvJq5oQXvfhju8NjsZW5hnn1,Manila → Manila,1784969504527,1784974434724,4929,2952.479727177219,1009.415,360,0.5990531804975795,12.147658329927795,583.2740946044921,0,1784974434735
b72kbSj4zms7yk6xGF5G,gswcMvJq5oQXvfhju8NjsZW5hnn1,Manila → Manila,1784965206599,1784965593473,386,1785.465770102548,1844.46,420,4.654741566563815,11.40511684683534,65.829,1,1784965593478
bSxpMrYtTZbKj06HwuQr,w5xx1klRJrbyaWqIarftkBZsDJI2,Manila → Manila,1785487084977,1785487399189,314,690.2679374414099,779.251,240,2.267411022045823,5.713826697693746,1.5613205396153518,2,1785487399189
ctuvwPHtY2EPSiJOstwg,u2DbbZRrvYcQFXRcfa6JoxRZgxz2,Manila → Manila,1785082039262,1785082341192,301,1019.0101912039632,1361.621,300,3.4114723124594937,8.6299170969294,46.784,1,1785082341203
fEMOBzqndZ8A8jZvsTLJ,4FIoqGNmrsa41riP4M8rmXM4rTC3,Pasay → Manila,1784976577891,1784977779487,1201,7022.854108887359,12064.651,3960,5.854578769927164,15.193228261039351,81.09999694824218,0,1784977779487
fsyywUuXJq0Pkixim4IZ,xiRcxSCHz7VUdQuEiJyl5SSllLm1,Manila → Manila,1784876375907,1784876631352,255,1156.482159886554,1038.705,300,4.714351007034148,6.384483981944932,39.05314867783319,1,1784876631352
jiQWmvaS14llN37DCUox,kLjlilA8jGZKlHi1MA9mhKNWcgx2,Manila → Manila,1785149695558,1785150461571,765,3371.8282918741243,1527.197,480,4.411609314404827,10.607374618409551,205.52699618530264,1,1785150461576
jmMRQmtIgBrUHyJYMGlP,u2DbbZRrvYcQFXRcfa6JoxRZgxz2,Manila → Manila,1785080612673,1785081030596,417,2054.1872589763043,1872.323,420,4.994717021767356,9.922511243731009,74.63100152587893,2,1785081030601
oH4wwFa6BEipVvZqJyLG,wxBDOTjSqwht1paICGQnO7QdkBr2,Muntinlupa → Muntinlupa,1785074267634,1785075077176,808,4300.458204148012,4340.959,1440,5.581096638912985,14.157156597661396,46.99999237060547,0,1785075077180
tFwslOEcuPRKb9nGtpNO,u2DbbZRrvYcQFXRcfa6JoxRZgxz2,Manila → Manila,1785077363172,1785077543611,180,1054.4922515781054,1636.403,420,5.899224348832204,9.41658217994942,0.1000022888183593,0,1785077543614
tg0PavX0kuqIGY6HM9Ig,wxBDOTjSqwht1paICGQnO7QdkBr2,Manila → Manila,1785070262651,1785070640057,377,981.447216421297,1012.251,360,2.6614723802714955,10.746201719079613,3.200000762939453,0,1785070640057
ulzOmkAiXPHGx4JA1Ilv,kLjlilA8jGZKlHi1MA9mhKNWcgx2,Manila → Manila,1785138431421,1785139086492,654,2316.1613034947804,2033.612,540,3.54389906328048,10.074271350326608,28.47799771118164,2,1785139086495
uzgYfBW44KGZ6mkTxTpW,UJoHNbTZU8fgwq14XJYbcS3owyI2,Manila → Manila,1785072553516,1785072748512,193,555.4886778585064,1349.578,420,2.970098851280866,4.341880019937044,2.0999984741210938,0,1785072748520
wFGPnR9h9dWI8UwbcSLb,HdsFcamKQLePONrx2hp0aqz6UEr2,Manila → Manila,1784948451892,1784957987729,9534,569.7034812825217,681.652,180,0.0597590583702525,15.464163813194562,4.58671878544672,0,1784957987729
wIPO1j96ud6El1nYbscc,xiRcxSCHz7VUdQuEiJyl5SSllLm1,Manila → Manila,1784873806017,1784874257079,450,2240.509705726869,2571.266,600,5.232292964463226,8.590845389563423,5.900001525878906,0,1784874257080
wbYD9pTHrVY7hWNfTddd,HdsFcamKQLePONrx2hp0aqz6UEr2,Manila → Manila,1784907225680,1784907552728,326,1374.9305601956055,1188.828,300,4.289419605027782,7.33829022291582,16.53367386842931,2,1784907552728
whmYkMhuCYVUlGUGrqY7,kLjlilA8jGZKlHi1MA9mhKNWcgx2,Manila → Manila,1785127793400,1785128477360,683,2915.541829340925,2162.977,540,4.2705859346464345,10.162418160361398,108.49999923706054,0,1785128477364
y7SNNRVVOTkrM0dTVYZh,xiRcxSCHz7VUdQuEiJyl5SSllLm1,Manila → Manila,1784872280850,1784872478160,196,746.9157909461996,934.471,240,3.8035758201077527,7.060741826142939,0.2000007629394531,0,1784872478160
zGasBnkSGcOdCYb8NHaB,gswcMvJq5oQXvfhju8NjsZW5hnn1,Manila → Manila,1784963160844,1784963436429,275,1020.88446286651,1282.699,300,3.966263375965492,8.402804608226916,49.39099923706055,1,1784963436441
zaDqAluWIugKykPrWuUB,E5lzGRPONLhEotBTXKXViVbK8o13,Manila → Manila,1784950240148,1784950584536,344,1439.832356524976,1493.174,420,4.269193166494127,8.935162573266185,93.90300228881831,0,1784950584545
